epoch,time,train/box_loss,train/cls_loss,train/dfl_loss,metrics/precision(B),metrics/recall(B),metrics/mAP50(B),metrics/mAP50-95(B),val/box_loss,val/cls_loss,val/dfl_loss,lr/pg0,lr/pg1,lr/pg2
1,137.808,1.86301,0.983,1.04372,0.53882,0.54819,0.44426,0.14368,2.77469,1.19592,1.43899,0.00333106,0.00333106,0.00333106
2,273.529,1.50496,0.67904,0.94268,0.49516,0.49012,0.32994,0.10854,3.10933,1.2549,1.65471,0.00664241,0.00664241,0.00664241
