fid,ALH Mean,ALH Max
ckyw6zzlj001r3867thf0fuy7,0.04308433529206369,9.096234575518606
ckyw704kw001v3867kvyjtx6k,0.014973285338443247,4.226900126580764
ckyw708pn001z386779fr849h,3.426151848151113e-05,0.025559092787207305
ckyw723jy00233867gakwo9e7,0.04208784426765964,6.711598544642171
ckyw7dzmx00273867fyj9lsnv,0.0024912049629028654,0.9174466678162176
ckyw7e4o6002b3867ibaukox2,0.0026115810658932886,0.9320533188702896
ckyw7e9n0002f3867tn40h1u2,0.006599843751103168,1.189014787348617
cl522lkjt00033r6g6ngkx2s0,0.0,0.0
