fid,total_displacement,VSL,total_frames,frames_present_by_fid,total_distance,VCL,VAP,class,WOB,LIN,STR
ckyw6zzlj001r3867thf0fuy7,101.46496384904938,6.646769022197085,1470,749,3818.264952617111,249.7930342833624,229.28211355118023,0,91.78883398769446,2.660910477854665,2.898947902760586
ckyw704kw001v3867kvyjtx6k,125.43327686241969,8.216885783768134,1470,749,3051.5839679684705,199.63633435307753,169.79034712450513,0,85.04982205504402,4.115926998156418,4.839430464055059
ckyw708pn001z386779fr849h,0.0,0.0,1470,749,33.07719646309822,2.163928740576519,1.8200697403210166,0,84.10950444865894,0.0,0.0
ckyw723jy00233867gakwo9e7,319.2398197280534,21.34072464757792,1470,619,3476.374065490843,275.1895463797275,216.9373878470033,0,78.83198715246856,7.754918356575348,9.837273721866987
ckyw7dzmx00273867fyj9lsnv,170.84603611309092,11.627021902140909,1470,721,3132.0480691009084,212.85763576413942,205.68978994754636,0,96.63256345450745,5.4623466338902835,5.652697640026739
ckyw7e4o6002b3867ibaukox2,16.66666666666663,1.1342592592592566,1470,721,113.16346298513054,7.690720785397222,7.1303684871958595,0,92.71391701977618,14.748412936963396,15.907442389493164
ckyw7e9n0002f3867tn40h1u2,300.8379501030783,20.473693826459495,1470,721,2017.2593086994352,137.09529282423347,134.22555227135615,0,97.90675486097356,14.933914509164307,15.253201406144335
cl522lkjt00033r6g6ngkx2s0,0.0,0.0,1470,721,0.0,0.0,0.0,1,0.0,0.0,0.0
